Applicant_Name,Caste_Category,Religion,Credit_Score,Loan_Approved
Kavya Sharma,SC,Christian,406,0
Fatima Pillai,SC,Hindu,514,0
Karthik Reddy,OBC,Muslim,430,0
Arjun Fernandes,OBC,Sikh,685,1
Sneha Joseph,General,Hindu,321,1
Simran Kumar,General,Hindu,810,1
Priya Singh,General,Hindu,489,1
Divya Pillai,ST,Hindu,543,0
Joseph Thomas,General,Muslim,320,0
Priya Fernandes,General,Christian,313,0
Arun Fernandes,General,Hindu,639,1
Manpreet Pillai,ST,Muslim,334,0
Jaspreet Joseph,General,Muslim,301,0
Fatima Sharma,General,Hindu,776,0
Suresh Qureshi,OBC,Christian,569,0
Zainab Khan,General,Hindu,551,1
Pooja Iyer,General,Hindu,637,0
Zainab Patel,SC,Christian,487,0
Sneha Ansari,General,Sikh,364,1
Arjun Sheikh,SC,Hindu,771,1
Imran Thomas,General,Muslim,718,0
Mohammed Kumar,General,Hindu,340,0
Navjot Fernandes,OBC,Hindu,332,1
Kavya Ansari,General,Hindu,398,0
Sneha Fernandes,General,Hindu,761,1
Arshad Thomas,ST,Hindu,697,1
Nazia Joseph,SC,Hindu,760,1
Arun Singh,OBC,Hindu,395,0
Rahul Pillai,General,Muslim,470,0
Arshad Singh,OBC,Hindu,542,0
Karthik Patel,OBC,Sikh,327,0
Gurpreet Khan,SC,Sikh,805,1
Navjot Sheikh,SC,Christian,684,1
Suresh Sheikh,SC,Sikh,558,1
Imran Iyer,SC,Hindu,524,0
Fatima Singh,General,Christian,673,1
Suresh Fernandes,SC,Hindu,796,1
Swati Nair,General,Muslim,686,1
Navjot Ansari,General,Hindu,412,0
Fatima Fernandes,SC,Hindu,524,0
Karthik Ali,ST,Hindu,715,0
Anjali Pillai,General,Hindu,700,0
Rahul Ali,SC,Muslim,497,0
Harpreet Khan,OBC,Muslim,500,0
Vijay Iyer,General,Hindu,702,0
Akbar Iyer,OBC,Hindu,788,1
Mary Ansari,SC,Christian,772,1
Navjot Reddy,SC,Muslim,562,0
Mohammed Reddy,OBC,Hindu,301,0
Swati Fernandes,OBC,Hindu,459,0
Thomas Khan,General,Hindu,507,0
Simran Joseph,OBC,Muslim,719,0
Harpreet Sheikh,ST,Hindu,809,0
Karthik Reddy,OBC,Hindu,637,0
Joseph Singh,SC,Christian,460,0
Sneha Kumar,SC,Hindu,803,1
Kavya Reddy,OBC,Muslim,332,0
Suresh Qureshi,SC,Muslim,321,0
Vijay Ansari,OBC,Hindu,737,0
Gurpreet Thomas,SC,Hindu,583,0
Navjot D'Souza,OBC,Hindu,815,1
Mohammed Fernandes,ST,Hindu,519,0
Amit Patel,General,Sikh,336,0
Thomas Khan,SC,Christian,398,0
Zainab Patel,General,Hindu,460,0
Arshad Qureshi,General,Hindu,622,0
Suresh Kaur,General,Muslim,454,0
Amit Khan,General,Sikh,692,0
Joseph Nair,SC,Hindu,837,0
Joseph Patel,OBC,Christian,805,1
Ayesha D'Souza,ST,Hindu,811,1
Arun Reddy,General,Sikh,442,0
Nazia Nair,General,Hindu,350,0
Thomas D'Souza,SC,Hindu,613,0
Amit Thomas,General,Hindu,353,0
Akbar Singh,General,Sikh,304,0
Priya Patel,OBC,Hindu,649,0
Nazia Ahmed,ST,Muslim,568,0
Swati Kumar,ST,Hindu,419,0
Swati Joseph,SC,Hindu,773,0
Sneha Singh,OBC,Muslim,357,0
Mary Singh,SC,Hindu,417,0
Thomas Reddy,ST,Hindu,571,0
Rajesh Singh,ST,Hindu,546,0
Elizabeth Nair,SC,Hindu,385,0
Mohammed D'Souza,General,Hindu,393,0
Simran Iyer,ST,Hindu,517,0
Thomas Iyer,OBC,Hindu,553,0
Ayesha Ansari,SC,Muslim,399,0
Nazia Kaur,SC,Muslim,741,0
Sarah Kaur,SC,Muslim,315,0
Kavya Pillai,ST,Hindu,459,0
Karthik Singh,SC,Hindu,679,1
Zainab Sharma,OBC,Sikh,567,1
Elizabeth Pillai,OBC,Christian,584,1
Karthik Sharma,General,Hindu,798,1
Vijay Kumar,General,Muslim,717,1
Karthik Singh,SC,Muslim,792,0
Rahul Ali,General,Hindu,693,1
Vijay D'Souza,SC,Hindu,398,0
Swati Khan,SC,Muslim,489,0
Mary Iyer,General,Muslim,578,0
Thomas Reddy,General,Christian,361,0
John Pillai,SC,Hindu,318,0
John Qureshi,General,Christian,375,0
Arun Patel,OBC,Muslim,805,1
Arjun Qureshi,SC,Hindu,324,0
Imran Qureshi,General,Christian,443,0
Manpreet Kaur,General,Hindu,697,1
Anjali Patel,SC,Sikh,534,0
Anjali Ansari,OBC,Muslim,791,0
Zainab Patel,OBC,Hindu,467,1
Swati Iyer,OBC,Muslim,816,1
Arun Fernandes,General,Hindu,664,1
Jaspreet Reddy,OBC,Christian,516,0
Simran Nair,SC,Muslim,744,1
Fatima Kaur,ST,Hindu,830,1
Swati Singh,SC,Hindu,519,0
Jaspreet Fernandes,ST,Muslim,660,0
Arjun Kumar,ST,Hindu,804,1
Thomas Sharma,General,Sikh,416,0
Sneha Pillai,General,Christian,448,1
Suresh Qureshi,OBC,Christian,526,0
Mary Singh,General,Hindu,604,0
Divya Ansari,SC,Muslim,558,0
Anjali Nair,General,Hindu,657,1
Gurpreet Sharma,ST,Hindu,647,0
Gurpreet Khan,SC,Hindu,839,1
Navjot Ahmed,OBC,Christian,801,1
Simran Fernandes,General,Hindu,760,1
Mary Reddy,General,Christian,552,0
Arun Ahmed,SC,Hindu,749,1
Divya Kumar,OBC,Hindu,304,1
Thomas Kumar,SC,Sikh,523,0
Akbar Kumar,SC,Muslim,516,0
Anjali Joseph,OBC,Sikh,404,0
John D'Souza,General,Hindu,817,1
Sarah Nair,SC,Muslim,736,0
Anjali D'Souza,ST,Muslim,382,0
Sneha Nair,SC,Hindu,350,0
Vijay Thomas,General,Sikh,787,1
Vijay Pillai,SC,Hindu,453,0
Harpreet Patel,SC,Sikh,605,0
Swati Joseph,SC,Hindu,700,1
Rahul Thomas,General,Muslim,374,0
Sneha Qureshi,General,Hindu,605,0
Sarah Ali,SC,Hindu,746,0
Mohammed Iyer,SC,Hindu,634,0
Akbar Pillai,ST,Sikh,432,0
Mohammed Ansari,SC,Sikh,807,1
Rajesh Ahmed,General,Muslim,749,1
Navjot Ali,ST,Hindu,410,0
Vijay Sharma,General,Hindu,673,1
Navjot Thomas,General,Muslim,580,0
Arjun Singh,SC,Muslim,360,0
Thomas Iyer,General,Hindu,833,1
Joseph Khan,General,Hindu,645,0
Rajesh Sheikh,General,Hindu,372,1
Vijay Pillai,SC,Muslim,355,0
Nazia Ahmed,OBC,Hindu,325,0
Suresh Kaur,General,Hindu,602,1
Thomas Ahmed,SC,Muslim,377,0
Sarah Sharma,ST,Hindu,611,1
Elizabeth Ahmed,ST,Sikh,662,1
Arjun Reddy,General,Hindu,314,1
Mohammed Patel,ST,Hindu,338,0
Arjun Fernandes,General,Hindu,836,1
Pooja Khan,SC,Muslim,366,0
Arshad Thomas,SC,Hindu,769,1
Divya Ali,ST,Hindu,724,1
Divya Khan,OBC,Muslim,742,1
Joseph Singh,OBC,Muslim,588,1
Mohammed Kumar,General,Hindu,815,1
Sneha Qureshi,General,Sikh,436,1
Fatima Kumar,SC,Hindu,847,0
Amit Ali,OBC,Hindu,374,0
Rajesh Khan,OBC,Hindu,803,1
Suresh Kaur,OBC,Muslim,691,1
Elizabeth Qureshi,OBC,Hindu,709,1
Elizabeth Sharma,SC,Hindu,412,0
Kavya Singh,ST,Muslim,849,1
Pooja Fernandes,General,Hindu,558,1
Rahul Sheikh,General,Hindu,471,0
Elizabeth Reddy,ST,Hindu,618,0
Simran Reddy,OBC,Hindu,849,1
Rahul Ahmed,General,Christian,617,0
Nazia Kumar,SC,Christian,758,0
Imran Iyer,General,Hindu,595,0
Swati Patel,General,Muslim,528,0
Imran Fernandes,General,Hindu,304,0
Manpreet Thomas,ST,Christian,341,0
Pooja Pillai,OBC,Hindu,825,1
Suresh Nair,ST,Hindu,442,0
Manpreet Sharma,SC,Hindu,403,0
Neha Ali,General,Christian,690,0
Manpreet Pillai,ST,Hindu,588,0
Fatima Nair,OBC,Muslim,849,0
Arjun Ansari,ST,Muslim,588,1
Rahul Singh,SC,Muslim,417,0
Karthik Iyer,General,Sikh,515,0
Navjot Sheikh,SC,Hindu,456,0
Ayesha Pillai,ST,Muslim,394,0
Karthik Sharma,SC,Muslim,582,0
Arun Ansari,General,Christian,849,1
Zainab Khan,SC,Hindu,662,1
Vijay Khan,SC,Hindu,759,1
Imran D'Souza,OBC,Muslim,426,0
Harpreet Fernandes,SC,Muslim,350,0
Zainab Sharma,OBC,Christian,706,1
Kavya Khan,General,Hindu,719,1
Neha Joseph,OBC,Sikh,670,1
Mohammed Kumar,SC,Hindu,436,0
Arjun Thomas,OBC,Muslim,543,0
Simran Sheikh,OBC,Hindu,509,0
Akbar Qureshi,OBC,Hindu,478,0
Joseph Patel,SC,Hindu,800,0
Gurpreet Joseph,SC,Hindu,455,0
Arun Khan,SC,Christian,660,1
Rahul Qureshi,SC,Hindu,659,1
Amit D'Souza,SC,Hindu,514,0
Thomas Iyer,OBC,Hindu,584,0
Nazia Qureshi,SC,Sikh,318,0
Vijay Ali,OBC,Hindu,493,0
Akbar Patel,SC,Hindu,563,0
Ayesha D'Souza,OBC,Hindu,757,1
Ayesha Qureshi,SC,Sikh,354,0
Akbar Ansari,ST,Muslim,612,0
Arshad Fernandes,General,Muslim,627,1
Rajesh Iyer,OBC,Hindu,563,1
Manpreet Ansari,General,Muslim,419,0
Neha Thomas,OBC,Christian,481,0
Ayesha Ansari,General,Sikh,306,0
Elizabeth Sharma,ST,Sikh,680,0
Ayesha Ahmed,ST,Muslim,822,1
Divya Qureshi,SC,Hindu,695,0
Akbar Kaur,General,Muslim,525,0
Jaspreet Kaur,General,Christian,663,1
Divya D'Souza,OBC,Hindu,427,0
John Nair,SC,Hindu,820,1
Sneha Ahmed,ST,Hindu,577,0
Joseph Thomas,OBC,Hindu,408,0
Zainab Singh,ST,Sikh,427,0
Swati Ahmed,SC,Hindu,316,0
Karthik Iyer,SC,Muslim,641,0
Pooja Sharma,OBC,Sikh,467,0
Rahul Pillai,ST,Hindu,700,1
John Thomas,SC,Hindu,429,0
Vijay Kaur,ST,Hindu,591,0
Manpreet Joseph,General,Sikh,310,0
Arun Ansari,ST,Hindu,526,0
Mary Ansari,SC,Christian,705,0
Swati Reddy,General,Hindu,447,0
Amit Patel,OBC,Sikh,806,1
Simran Pillai,General,Muslim,800,1
Neha D'Souza,SC,Hindu,360,0
Navjot Kumar,SC,Hindu,430,0
Elizabeth Pillai,General,Christian,401,0
Kavya Kaur,SC,Hindu,316,0
Rajesh Kaur,SC,Hindu,617,0
Sarah Fernandes,OBC,Muslim,380,0
Akbar Kaur,ST,Sikh,836,0
Joseph Qureshi,ST,Muslim,788,0
Elizabeth Kaur,General,Muslim,700,1
Suresh Singh,SC,Christian,634,0
Jaspreet Khan,General,Christian,797,1
Swati Khan,OBC,Muslim,671,0
Sarah Singh,General,Sikh,572,0
Swati Khan,SC,Hindu,397,0
Jaspreet Singh,SC,Hindu,663,0
Arshad Pillai,OBC,Hindu,696,1
Fatima Ali,OBC,Muslim,749,1
Akbar Fernandes,OBC,Hindu,440,0
Sneha Reddy,OBC,Hindu,328,0
Pooja Pillai,SC,Hindu,571,0
Gurpreet Reddy,OBC,Muslim,658,1
Divya Singh,ST,Hindu,728,1
Manpreet Qureshi,General,Hindu,592,1
Zainab Fernandes,General,Christian,698,1
Navjot Qureshi,ST,Hindu,360,0
Anjali Iyer,SC,Christian,618,0
Manpreet Ansari,SC,Muslim,452,0
Priya Joseph,General,Hindu,609,0
Gurpreet Singh,SC,Hindu,525,0
Amit Sheikh,General,Christian,816,1
Ayesha Ansari,OBC,Sikh,398,0
Manpreet Fernandes,SC,Hindu,718,0
Thomas Thomas,ST,Hindu,459,0
Karthik Singh,ST,Muslim,388,0
Karthik Khan,SC,Hindu,622,0
Simran Singh,SC,Hindu,631,1
Priya Ansari,General,Christian,694,1
Zainab Ansari,SC,Hindu,627,0
Suresh Kaur,General,Hindu,336,0
Rajesh Thomas,ST,Hindu,413,0
Thomas Sharma,SC,Hindu,622,0
Harpreet Joseph,ST,Hindu,588,0
Priya Singh,OBC,Muslim,652,1
Simran Reddy,General,Hindu,644,0
Navjot Nair,General,Muslim,306,0
Anjali Khan,OBC,Hindu,330,0
Gurpreet Ali,General,Hindu,850,1
Divya Kaur,OBC,Sikh,823,1
Akbar Ali,General,Muslim,412,0
Gurpreet Khan,General,Hindu,747,1
Manpreet Khan,OBC,Hindu,713,1
Sneha Singh,SC,Sikh,711,0
Priya Fernandes,OBC,Hindu,495,0
Anjali Sheikh,OBC,Christian,491,0
Karthik Singh,General,Hindu,321,0
Rahul Sharma,General,Sikh,584,0
Swati Iyer,ST,Hindu,759,1
Priya Thomas,General,Hindu,378,0
Pooja Pillai,General,Hindu,781,1
Rajesh Singh,OBC,Hindu,696,0
Kavya Joseph,SC,Sikh,374,0
Divya Kaur,General,Muslim,321,0
Mohammed Sheikh,OBC,Christian,739,1
Suresh Thomas,OBC,Hindu,383,0
Kavya Nair,General,Christian,556,1
Ayesha Patel,ST,Muslim,462,0
Priya Ahmed,ST,Hindu,570,0
Gurpreet Ansari,SC,Hindu,608,1
Arun Singh,SC,Hindu,498,0
Swati Patel,General,Hindu,677,1
Ayesha Thomas,OBC,Hindu,505,0
Kavya Joseph,ST,Hindu,820,1
Rahul Sheikh,SC,Hindu,800,1
Thomas Qureshi,OBC,Hindu,371,0
Nazia Singh,ST,Hindu,794,1
Joseph Ali,General,Muslim,401,0
Amit Qureshi,ST,Muslim,700,1
Mary Patel,SC,Hindu,609,0
Simran Sheikh,ST,Hindu,541,0
Navjot Reddy,SC,Hindu,415,0
Simran Nair,General,Christian,389,0
Sarah Khan,OBC,Hindu,727,1
Thomas Singh,ST,Muslim,308,0
Navjot Qureshi,General,Hindu,669,0
Fatima Ali,OBC,Muslim,383,0
Swati Singh,OBC,Hindu,383,0
Fatima Kaur,SC,Muslim,814,1
Swati Kaur,General,Hindu,311,0
Gurpreet Ali,General,Sikh,421,0
Priya Singh,SC,Muslim,608,0
Akbar Nair,SC,Hindu,848,0
Mary Iyer,OBC,Muslim,334,0
Imran Khan,SC,Hindu,631,1
Zainab Khan,OBC,Hindu,323,0
Fatima Fernandes,General,Hindu,831,1
Amit D'Souza,SC,Hindu,719,1
Arun Singh,SC,Muslim,634,0
Swati Qureshi,SC,Hindu,670,1
Mary Fernandes,SC,Hindu,829,1
Swati Singh,ST,Hindu,819,1
Mary Kaur,ST,Muslim,825,0
Priya Singh,General,Sikh,617,1
Arshad Pillai,SC,Hindu,530,0
Harpreet Pillai,SC,Hindu,327,0
Ayesha Joseph,ST,Hindu,723,0
Nazia Singh,SC,Hindu,586,1
Elizabeth D'Souza,General,Hindu,660,1
Imran Qureshi,General,Muslim,812,1
Elizabeth Ali,SC,Hindu,406,0
Imran Kaur,ST,Hindu,796,1
Fatima Ahmed,SC,Sikh,550,1
Mohammed Pillai,General,Hindu,810,1
Kavya Iyer,General,Muslim,334,0
Akbar Patel,OBC,Hindu,505,0
Thomas Nair,SC,Hindu,550,1
Arun Iyer,OBC,Muslim,484,0
John Khan,General,Hindu,727,1
Sarah Thomas,General,Hindu,607,0
Arshad Patel,General,Muslim,640,1
Arun Ahmed,ST,Hindu,816,0
Karthik Sheikh,General,Muslim,418,0
Neha Ahmed,ST,Hindu,444,0
Amit Fernandes,OBC,Muslim,644,0
Rajesh Khan,ST,Hindu,352,0
Rahul Kumar,SC,Hindu,460,0
Elizabeth Ahmed,OBC,Muslim,458,0
Rajesh Singh,OBC,Hindu,793,0
Arjun Sharma,SC,Christian,696,0
Arshad Singh,SC,Sikh,643,0
John Kaur,ST,Hindu,364,0
Zainab Nair,SC,Muslim,772,1
Anjali Khan,SC,Hindu,401,0
John Patel,ST,Muslim,302,0
Vijay Ansari,OBC,Sikh,520,0
Mary Singh,SC,Hindu,592,1
Anjali Reddy,SC,Hindu,642,0
Pooja Joseph,ST,Christian,320,0
Ayesha Singh,General,Muslim,423,0
Swati Patel,ST,Hindu,623,0
Elizabeth Qureshi,SC,Hindu,672,1
Karthik D'Souza,General,Sikh,590,0
Gurpreet Kaur,General,Muslim,301,0
Jaspreet Ahmed,SC,Hindu,758,1
Simran Ahmed,OBC,Muslim,458,0
Anjali Thomas,General,Hindu,597,0
Arjun Iyer,SC,Hindu,684,1
Divya Khan,SC,Hindu,440,0
Sneha Nair,OBC,Sikh,325,0
Swati Nair,ST,Hindu,451,0
Elizabeth Singh,General,Muslim,349,0
Suresh Sharma,OBC,Muslim,445,0
Manpreet Kaur,General,Hindu,782,1
John Ahmed,SC,Hindu,731,1
Rahul Pillai,General,Hindu,822,1
Arshad Ahmed,SC,Hindu,553,1
Navjot Singh,General,Hindu,673,1
Karthik Khan,ST,Hindu,579,1
Arun Qureshi,General,Muslim,587,0
Kavya Fernandes,General,Hindu,652,1
Karthik Reddy,SC,Hindu,369,0
Fatima Reddy,General,Hindu,816,1
Vijay Kumar,ST,Hindu,366,0
Suresh Ahmed,General,Hindu,429,0
Arshad Kaur,ST,Hindu,653,1
Kavya Kaur,General,Hindu,741,0
Ayesha Ansari,General,Muslim,610,0
Fatima D'Souza,General,Hindu,311,0
Thomas Singh,ST,Muslim,841,1
Jaspreet Singh,SC,Hindu,816,1
Rahul Qureshi,OBC,Hindu,585,0
Akbar Thomas,ST,Hindu,460,0
Mohammed Sharma,SC,Hindu,808,1
Sneha Pillai,General,Hindu,660,1
Priya Khan,OBC,Hindu,479,0
Rahul Nair,OBC,Sikh,561,0
John D'Souza,SC,Christian,400,0
Jaspreet Khan,SC,Hindu,728,1
Neha Joseph,OBC,Sikh,433,1
Simran Singh,General,Sikh,698,1
Sneha Singh,General,Muslim,765,0
Imran Qureshi,SC,Christian,552,0
Zainab Ali,OBC,Hindu,409,0
Arjun Nair,OBC,Hindu,782,1
Zainab Qureshi,General,Hindu,691,1
Mary Ahmed,SC,Hindu,472,0
Harpreet Fernandes,OBC,Hindu,842,1
Rahul Kaur,SC,Hindu,689,1
Sneha Ali,General,Muslim,766,1
Mohammed Ali,SC,Hindu,644,1
Kavya Ansari,OBC,Hindu,355,0
Joseph Sharma,SC,Hindu,448,0
Thomas Kaur,General,Hindu,379,0
Manpreet Kumar,ST,Muslim,400,0
Arun D'Souza,General,Muslim,423,0
Nazia Thomas,ST,Muslim,782,1
Mary Kaur,SC,Sikh,809,1
Anjali Iyer,General,Hindu,770,1
Fatima Fernandes,SC,Hindu,512,0
Rajesh Ahmed,ST,Hindu,472,0
Jaspreet Singh,SC,Hindu,694,1
Kavya Sharma,OBC,Hindu,809,1
Swati Nair,General,Muslim,526,0
Ayesha Fernandes,SC,Hindu,320,0
Amit Fernandes,General,Hindu,419,0
Manpreet Singh,ST,Hindu,328,0
Karthik Patel,OBC,Hindu,531,0
Navjot Patel,ST,Muslim,499,0
Pooja Singh,OBC,Hindu,472,0
Arshad D'Souza,ST,Hindu,400,0
Fatima Qureshi,General,Muslim,684,1
John Singh,General,Hindu,447,0
Swati Kaur,SC,Hindu,735,0
Elizabeth Reddy,ST,Hindu,790,1
Gurpreet Iyer,SC,Sikh,819,1
Joseph Reddy,General,Hindu,519,0
Vijay Khan,OBC,Hindu,628,1
Manpreet Ali,General,Hindu,681,1
Joseph Khan,General,Christian,418,1
Amit Ahmed,OBC,Muslim,787,1
Ayesha Joseph,SC,Christian,587,0
Mary Reddy,General,Hindu,572,0
Jaspreet Fernandes,General,Hindu,423,0
John Sheikh,General,Hindu,471,0
Zainab Fernandes,OBC,Muslim,421,0
Thomas Ansari,OBC,Sikh,532,0
Navjot Ali,ST,Hindu,601,0
Arun Pillai,OBC,Muslim,502,0
Gurpreet Pillai,OBC,Hindu,765,1
Manpreet Kumar,ST,Hindu,762,1
Akbar Singh,OBC,Muslim,720,0
Gurpreet Ansari,SC,Hindu,318,0
Pooja Singh,General,Hindu,580,0
Rahul Reddy,General,Hindu,428,0
Joseph Joseph,OBC,Hindu,782,1
Zainab Patel,OBC,Hindu,309,0
Jaspreet Patel,OBC,Muslim,365,0
Sarah Kaur,OBC,Hindu,533,0
Amit Reddy,General,Muslim,313,0
Manpreet Reddy,OBC,Muslim,369,0
Vijay Singh,OBC,Hindu,680,1
Mohammed Ali,OBC,Hindu,453,0
Harpreet Singh,SC,Muslim,704,1
Zainab Fernandes,General,Hindu,319,0
Gurpreet Ali,OBC,Hindu,814,1
Mary Fernandes,SC,Hindu,835,1
Rahul Thomas,OBC,Hindu,359,0
Vijay Pillai,ST,Hindu,408,0
Arshad Pillai,OBC,Hindu,318,0
Sneha Qureshi,General,Hindu,482,0
Arjun Patel,SC,Hindu,775,1
Jaspreet Nair,OBC,Christian,460,0
Ayesha Sharma,ST,Muslim,698,0
Rahul Ali,OBC,Hindu,436,0
Anjali Ahmed,General,Hindu,437,0
Imran Sheikh,General,Hindu,553,0
Simran Reddy,ST,Christian,725,0
Swati D'Souza,General,Hindu,348,0
Manpreet Joseph,OBC,Muslim,559,1
Neha Nair,OBC,Christian,612,1
Neha Singh,General,Hindu,663,1
Gurpreet Thomas,OBC,Muslim,847,1
Swati Singh,General,Hindu,641,1
Pooja Pillai,General,Christian,699,0
Navjot Khan,SC,Muslim,527,0
Navjot Khan,General,Christian,740,1
Amit Kaur,General,Muslim,369,0
Arshad Fernandes,General,Muslim,447,0
Suresh Singh,OBC,Hindu,791,1
Jaspreet Sheikh,ST,Hindu,320,0
Ayesha Qureshi,ST,Hindu,604,0
Mohammed Kaur,OBC,Muslim,744,1
Ayesha Iyer,General,Hindu,789,1
Gurpreet Singh,ST,Hindu,653,1
Arjun Pillai,SC,Muslim,476,0
Gurpreet Joseph,General,Hindu,816,0
Imran Joseph,OBC,Muslim,397,0
Arshad Ahmed,SC,Muslim,643,0
Priya Ansari,General,Hindu,542,0
Fatima Sharma,General,Hindu,831,1
Anjali Thomas,OBC,Muslim,675,1
Mary Ahmed,ST,Hindu,680,1
Karthik Thomas,OBC,Muslim,746,0
Imran Pillai,General,Hindu,343,0
Arun Thomas,SC,Hindu,735,1
Mohammed Reddy,SC,Hindu,606,1
Arjun Kumar,General,Hindu,807,1
Ayesha Kaur,SC,Muslim,537,0
Rahul Joseph,General,Muslim,567,1
Nazia Reddy,ST,Hindu,582,0
Sneha Ahmed,OBC,Hindu,428,1
Akbar Qureshi,SC,Muslim,559,0
Neha Iyer,OBC,Sikh,823,1
Rajesh Fernandes,General,Christian,408,0
Nazia D'Souza,ST,Muslim,559,0
Joseph Khan,OBC,Muslim,836,1
Suresh Khan,General,Sikh,681,1
John Ahmed,OBC,Hindu,564,0
Zainab Patel,SC,Muslim,676,0
Navjot Singh,OBC,Hindu,525,0
Pooja Pillai,OBC,Hindu,576,1
Harpreet Fernandes,General,Muslim,845,1
Nazia Singh,SC,Muslim,578,0
Harpreet Sharma,SC,Sikh,588,1
Mohammed Fernandes,ST,Hindu,547,0
Kavya Kaur,General,Sikh,423,0
Nazia Khan,General,Hindu,815,1
Gurpreet Sheikh,General,Hindu,832,1
Arjun Pillai,General,Muslim,759,1
John Sharma,OBC,Hindu,506,0
Elizabeth Ali,OBC,Muslim,706,1
Karthik Singh,SC,Hindu,441,0
Navjot Ahmed,SC,Hindu,841,0
Manpreet Patel,SC,Hindu,723,0
Rajesh Kumar,OBC,Hindu,382,0
Rahul Ahmed,OBC,Muslim,583,1
Mary Patel,OBC,Muslim,674,1
Arjun Pillai,ST,Hindu,419,0
Thomas Reddy,SC,Hindu,585,1
Gurpreet Kaur,SC,Hindu,502,0
Nazia Fernandes,General,Muslim,340,0
Manpreet Joseph,OBC,Sikh,426,0
Pooja Qureshi,SC,Sikh,731,1
Arjun Singh,SC,Christian,768,1
Manpreet Khan,General,Sikh,500,0
Rahul Sheikh,ST,Sikh,779,1
Divya Kaur,SC,Hindu,631,0
Jaspreet Pillai,SC,Hindu,325,0
Nazia Patel,General,Christian,849,1
Nazia Fernandes,ST,Hindu,754,1
Imran Kumar,General,Muslim,791,0
Harpreet Khan,ST,Muslim,386,0
Arun Patel,OBC,Hindu,561,1
Navjot Singh,General,Hindu,748,1
Divya Thomas,SC,Muslim,441,0
Priya Kumar,General,Hindu,348,1
Zainab Pillai,General,Hindu,640,0
Rajesh Joseph,General,Hindu,681,1
Divya Singh,OBC,Hindu,828,1
Elizabeth Iyer,General,Hindu,340,1
Divya Pillai,ST,Hindu,632,0
Zainab Reddy,General,Hindu,318,0
Amit Khan,OBC,Muslim,567,0
Pooja Reddy,General,Muslim,549,0
Thomas Khan,OBC,Hindu,730,1
Neha Patel,ST,Muslim,623,0
Priya Reddy,SC,Hindu,711,1
Amit Sheikh,OBC,Hindu,340,0
Swati Joseph,ST,Muslim,749,0
Akbar Sharma,SC,Hindu,417,0
Neha Khan,General,Hindu,753,1
Anjali Reddy,OBC,Hindu,649,1
Manpreet D'Souza,General,Hindu,718,1
Kavya Singh,General,Hindu,656,1
John Kaur,SC,Hindu,578,0
Nazia D'Souza,General,Hindu,406,0
Arjun Kaur,ST,Hindu,329,0
Joseph Pillai,OBC,Sikh,455,0
Rahul D'Souza,OBC,Hindu,374,0
Ayesha Kaur,SC,Muslim,679,0
Priya Kumar,SC,Hindu,306,0
John Ansari,OBC,Hindu,447,0
Simran Patel,SC,Hindu,718,1
Mary Kaur,General,Hindu,624,0
Vijay Singh,OBC,Hindu,785,1
Akbar Thomas,ST,Hindu,675,0
Pooja Singh,SC,Hindu,454,0
Rajesh Khan,OBC,Hindu,561,0
Elizabeth Ali,SC,Hindu,784,0
Gurpreet Thomas,SC,Hindu,334,0
Sarah Ahmed,ST,Sikh,668,1
Navjot D'Souza,ST,Hindu,408,0
Simran Patel,OBC,Christian,788,1
Kavya Fernandes,SC,Muslim,678,0
Divya Qureshi,SC,Sikh,408,0
Jaspreet Pillai,General,Hindu,832,0
Manpreet Ali,SC,Hindu,579,0
Navjot Ansari,General,Sikh,734,0
Manpreet Patel,ST,Hindu,513,0
Akbar Qureshi,ST,Hindu,819,1
Akbar Khan,SC,Hindu,363,0
Nazia Reddy,SC,Hindu,439,0
John Singh,ST,Hindu,816,0
Sneha Singh,General,Sikh,823,0
Sneha Qureshi,OBC,Hindu,527,0
Arjun Sheikh,General,Muslim,698,0
Rajesh Fernandes,OBC,Hindu,764,1
Anjali Joseph,OBC,Hindu,664,1
Elizabeth Fernandes,OBC,Hindu,636,0
Zainab Patel,OBC,Hindu,622,0
Manpreet Sheikh,SC,Muslim,586,0
Simran Kumar,OBC,Christian,619,1
Arshad Thomas,SC,Sikh,846,1
Ayesha Sheikh,OBC,Hindu,318,0
Arjun Joseph,OBC,Hindu,841,1
Joseph Iyer,ST,Sikh,300,0
Pooja Singh,General,Christian,487,0
Karthik Patel,OBC,Sikh,493,1
Imran Fernandes,SC,Muslim,683,0
Nazia Patel,General,Hindu,487,0
Fatima Joseph,ST,Hindu,382,0
Karthik Qureshi,General,Hindu,674,0
Elizabeth Thomas,General,Hindu,621,1
Elizabeth Sharma,SC,Hindu,807,0
Fatima Sharma,SC,Hindu,326,0
Neha Khan,SC,Sikh,532,0
Ayesha Ali,General,Hindu,612,0
Imran Sharma,General,Muslim,843,1
Neha Reddy,SC,Muslim,459,0
Harpreet Singh,SC,Hindu,352,0
Pooja Sharma,SC,Hindu,504,0
Sneha D'Souza,ST,Hindu,589,1
Divya Ansari,ST,Hindu,740,1
Manpreet Kaur,SC,Hindu,395,0
Zainab Nair,OBC,Hindu,689,1
Nazia Ahmed,ST,Hindu,436,0
Akbar Joseph,General,Muslim,440,0
Sneha Kumar,SC,Christian,720,1
Pooja Nair,General,Hindu,474,0
Anjali Singh,ST,Muslim,835,0
Fatima Kaur,OBC,Muslim,832,1
Simran Singh,ST,Christian,400,0
Jaspreet Qureshi,SC,Sikh,654,1
Fatima Iyer,General,Hindu,535,1
Joseph Patel,OBC,Hindu,696,1
Imran Qureshi,ST,Hindu,465,0
Kavya Ahmed,OBC,Hindu,472,1
Mary D'Souza,SC,Christian,573,0
Ayesha Kumar,OBC,Hindu,839,1
Karthik Ansari,General,Sikh,551,1
Anjali Sharma,ST,Sikh,353,0
Divya Ahmed,General,Sikh,824,1
Divya Reddy,General,Hindu,697,1
Mohammed Ahmed,SC,Hindu,316,0
Akbar Patel,General,Muslim,708,0
Amit Singh,SC,Muslim,418,0
Simran Nair,OBC,Hindu,801,1
Rajesh Ansari,OBC,Sikh,720,1
Thomas Pillai,General,Hindu,332,0
Joseph Fernandes,General,Muslim,311,0
Imran Singh,General,Muslim,527,0
Harpreet Kumar,General,Sikh,524,0
Simran Sharma,General,Hindu,358,0
Navjot Singh,General,Hindu,525,0
Akbar Joseph,ST,Hindu,517,0
Simran Joseph,OBC,Hindu,733,1
Harpreet Qureshi,SC,Muslim,828,1
Arshad Patel,General,Hindu,325,0
Harpreet Sharma,General,Hindu,760,1
Akbar Nair,ST,Hindu,711,0
Navjot Sheikh,OBC,Christian,401,0
Sneha Qureshi,SC,Sikh,788,1
Arjun Pillai,ST,Christian,660,1
Simran Joseph,General,Christian,314,0
Harpreet D'Souza,OBC,Christian,689,1
Sneha Ansari,OBC,Hindu,601,0
Ayesha Ali,General,Hindu,392,0
Karthik Ali,OBC,Muslim,630,0
Suresh Singh,OBC,Hindu,571,0
Joseph Patel,SC,Hindu,389,0
Sarah D'Souza,General,Hindu,573,0
Arun Sheikh,General,Muslim,453,0
Imran Reddy,OBC,Muslim,424,0
Swati Patel,OBC,Hindu,749,0
Pooja Khan,SC,Sikh,777,1
Arun Nair,General,Muslim,338,0
Pooja Singh,OBC,Muslim,392,0
Neha Singh,General,Hindu,811,1
Navjot Joseph,OBC,Hindu,469,0
Jaspreet Joseph,OBC,Muslim,454,0
Akbar Ali,SC,Muslim,309,0
Pooja Kaur,General,Christian,845,0
Vijay Singh,General,Muslim,703,0
Jaspreet Ahmed,OBC,Christian,316,0
Fatima Joseph,General,Hindu,390,0
Anjali Sheikh,OBC,Christian,453,0
Joseph Singh,General,Hindu,340,1
Ayesha Kaur,General,Hindu,653,1
Jaspreet Kumar,General,Hindu,555,0
Anjali Sheikh,SC,Hindu,581,0
Arshad Singh,General,Hindu,626,0
Sneha Thomas,SC,Muslim,383,0
Joseph Ansari,General,Hindu,667,1
Navjot Joseph,OBC,Hindu,804,1
Elizabeth Kumar,General,Sikh,666,0
Jaspreet Joseph,OBC,Hindu,835,1
Arun Ali,OBC,Hindu,732,1
John D'Souza,General,Hindu,553,0
Pooja Kumar,SC,Hindu,625,1
Jaspreet Patel,OBC,Hindu,384,0
Zainab Singh,General,Hindu,337,0
Joseph Nair,ST,Hindu,642,0
Rahul Pillai,OBC,Sikh,411,0
Jaspreet Kaur,General,Hindu,678,0
Sarah D'Souza,SC,Hindu,321,0
Suresh Sheikh,SC,Muslim,501,0
Nazia Ahmed,General,Hindu,779,1
Gurpreet Qureshi,General,Muslim,735,0
Zainab Thomas,General,Hindu,490,0
Anjali Ali,SC,Christian,387,0
Vijay Ali,General,Hindu,497,0
Arjun Fernandes,ST,Muslim,612,0
Gurpreet Ahmed,OBC,Hindu,440,0
Mohammed Thomas,ST,Hindu,636,0
Pooja Ali,ST,Hindu,482,0
Sneha Joseph,General,Hindu,399,0
Pooja Sheikh,ST,Hindu,342,0
Ayesha Ansari,General,Muslim,569,0
Rajesh Thomas,General,Hindu,467,1
Sneha Ahmed,SC,Muslim,689,1
Elizabeth Ansari,OBC,Muslim,757,0
Zainab Reddy,ST,Muslim,813,0
Sarah Singh,ST,Muslim,818,1
Simran D'Souza,OBC,Sikh,478,1
Nazia Sharma,ST,Hindu,412,0
Nazia Ahmed,SC,Hindu,439,0
Neha Iyer,General,Muslim,368,0
Zainab Singh,OBC,Hindu,788,1
Arun Pillai,General,Hindu,751,0
Rajesh Reddy,OBC,Muslim,514,0
Vijay Ahmed,SC,Muslim,703,1
Arjun D'Souza,General,Hindu,691,1
Thomas D'Souza,SC,Hindu,817,1
Rahul Ali,OBC,Hindu,381,0
Rajesh Thomas,SC,Hindu,503,0
Gurpreet Reddy,ST,Hindu,507,0
Suresh Nair,SC,Muslim,453,0
Suresh Kaur,General,Hindu,529,1
Rahul Qureshi,SC,Muslim,702,0
Nazia Pillai,ST,Hindu,433,0
Jaspreet Thomas,ST,Muslim,625,0
Arshad Kaur,General,Hindu,712,1
Karthik Fernandes,General,Hindu,378,0
Swati Ahmed,OBC,Hindu,547,0
John Iyer,ST,Muslim,583,0
Nazia Joseph,SC,Christian,436,0
Jaspreet Kaur,OBC,Hindu,536,0
Arshad Ansari,ST,Hindu,465,0
Joseph D'Souza,General,Hindu,718,0
Manpreet Nair,General,Sikh,666,1
Arun Thomas,SC,Muslim,547,0
Rajesh Khan,SC,Muslim,511,0
Anjali Singh,ST,Sikh,410,0
Nazia Fernandes,General,Hindu,665,1
Arjun D'Souza,General,Hindu,360,0
Kavya Ahmed,General,Hindu,827,1
Sneha Nair,OBC,Sikh,849,1
Fatima Kaur,SC,Hindu,803,1
Joseph Reddy,ST,Muslim,793,1
Simran Singh,OBC,Hindu,594,1
Karthik Kaur,SC,Sikh,486,0
Imran Sharma,ST,Hindu,487,0
Manpreet Kumar,SC,Hindu,848,0
Harpreet D'Souza,SC,Hindu,811,1
Nazia Pillai,General,Hindu,555,0
Gurpreet Singh,SC,Hindu,506,0
Nazia Pillai,ST,Hindu,420,0
Priya Ali,General,Hindu,320,0
Arjun Ali,ST,Sikh,368,0
Pooja Reddy,OBC,Hindu,834,1
Rahul Ahmed,ST,Hindu,452,0
John Reddy,General,Sikh,688,1
John Kaur,SC,Hindu,396,0
Amit Singh,OBC,Hindu,408,0
Priya Khan,General,Sikh,725,0
Divya Reddy,General,Hindu,713,1
Elizabeth Thomas,ST,Hindu,671,1
Sarah Qureshi,General,Hindu,749,1
Kavya Ahmed,OBC,Hindu,588,1
Swati Ahmed,SC,Muslim,798,1
Kavya Kumar,SC,Hindu,533,0
Swati Qureshi,General,Hindu,426,0
Navjot Singh,General,Christian,662,1
Kavya Singh,SC,Hindu,318,0
Thomas Sharma,SC,Muslim,653,0
Joseph Joseph,OBC,Muslim,538,0
Swati Reddy,ST,Hindu,594,1
Arshad Qureshi,ST,Hindu,624,0
Amit Thomas,ST,Muslim,402,0
Imran Pillai,General,Muslim,836,1
Manpreet Nair,SC,Sikh,715,0
Sneha D'Souza,OBC,Muslim,372,0
Nazia Singh,OBC,Sikh,635,1
Sarah Fernandes,General,Hindu,498,0
Joseph D'Souza,General,Sikh,728,1
Elizabeth Sharma,General,Hindu,356,0
Gurpreet Singh,OBC,Hindu,833,1
Rahul Ansari,General,Muslim,634,1
Nazia Khan,ST,Hindu,632,0
Priya Sheikh,SC,Christian,622,1
Vijay Sheikh,SC,Hindu,358,0
Swati Patel,SC,Hindu,421,0
Zainab Reddy,OBC,Hindu,361,0
Rahul Sheikh,SC,Muslim,781,0
Thomas Ali,SC,Hindu,435,0
Neha Kaur,SC,Hindu,779,1
John Nair,General,Muslim,343,0
Rajesh Singh,General,Hindu,519,0
Navjot Kumar,General,Hindu,789,1
Arshad Iyer,ST,Hindu,744,0
Rahul Iyer,General,Hindu,358,0
Rahul Ali,SC,Sikh,599,0
Ayesha D'Souza,SC,Hindu,477,0
Harpreet Fernandes,OBC,Muslim,668,1
John Khan,ST,Hindu,521,0
Rahul Iyer,SC,Sikh,677,1
Arshad Sheikh,ST,Sikh,736,0
Anjali Ali,OBC,Muslim,639,0
Fatima Patel,ST,Hindu,691,1
Nazia Qureshi,General,Hindu,704,0
Harpreet Kaur,OBC,Muslim,516,0
Gurpreet Ali,OBC,Hindu,754,0
Neha Singh,OBC,Sikh,630,0
Mary Sheikh,ST,Christian,326,0
Sarah Khan,General,Muslim,779,1
Sneha Qureshi,General,Hindu,650,1
Sneha Qureshi,SC,Hindu,758,1
Neha Fernandes,OBC,Hindu,807,1
Arshad Ali,General,Hindu,761,0
Arjun Singh,ST,Hindu,506,0
Akbar Ahmed,General,Christian,424,0
Ayesha Kaur,SC,Christian,682,0
Simran Nair,ST,Hindu,575,0
Jaspreet Sheikh,OBC,Hindu,839,1
Jaspreet Kumar,General,Christian,412,0
Imran Thomas,OBC,Hindu,587,0
Simran Khan,ST,Muslim,770,0
Anjali Singh,ST,Hindu,810,0
Harpreet Sheikh,General,Hindu,363,0
Joseph Nair,SC,Hindu,705,1
Priya Reddy,ST,Sikh,733,1
Jaspreet Kumar,OBC,Muslim,342,0
Rajesh Singh,SC,Muslim,465,0
Swati Sheikh,SC,Hindu,737,0
Nazia Ansari,SC,Hindu,449,0
Rahul Thomas,General,Hindu,639,0
Pooja Kaur,OBC,Muslim,818,1
Nazia Sheikh,OBC,Muslim,454,0
Jaspreet Singh,General,Sikh,478,1
Rajesh D'Souza,OBC,Muslim,563,0
Nazia Ansari,OBC,Hindu,679,1
Akbar Khan,OBC,Sikh,363,0
Swati Patel,General,Hindu,397,1
Priya Nair,General,Hindu,575,1
Mary D'Souza,OBC,Hindu,784,1
Gurpreet Fernandes,OBC,Hindu,595,1
Kavya Khan,General,Hindu,491,0
Mohammed Kaur,General,Hindu,338,0
Divya Thomas,SC,Hindu,335,0
Arshad Singh,OBC,Hindu,465,0
Arun Patel,General,Hindu,330,0
Rajesh Singh,SC,Sikh,752,1
Jaspreet Nair,OBC,Hindu,654,1
Jaspreet Singh,General,Sikh,364,0
Akbar Sheikh,General,Sikh,405,0
Vijay Fernandes,SC,Hindu,388,0
Thomas Ahmed,ST,Muslim,698,1
Ayesha Nair,General,Hindu,824,0
Neha Sheikh,OBC,Hindu,381,0
Joseph Pillai,ST,Hindu,337,0
Kavya Iyer,SC,Sikh,317,0
Rajesh Pillai,ST,Hindu,523,0
Mary Sharma,General,Christian,528,0
Nazia Fernandes,ST,Hindu,569,0
Nazia Kaur,General,Hindu,486,1
Elizabeth Reddy,SC,Hindu,750,1
Sneha Singh,General,Sikh,705,1
Ayesha Ansari,SC,Hindu,484,0
John D'Souza,General,Christian,375,0
Manpreet Qureshi,OBC,Muslim,607,0
Vijay Reddy,General,Hindu,786,1
Akbar Singh,OBC,Muslim,575,0
Jaspreet Kaur,General,Hindu,572,1
Sarah Sheikh,General,Christian,578,1
Rajesh Fernandes,General,Hindu,528,0
Neha Reddy,OBC,Hindu,301,0
Simran D'Souza,SC,Muslim,312,0
Anjali Patel,SC,Sikh,470,0
Sarah Reddy,General,Hindu,766,1
Ayesha Nair,OBC,Hindu,778,1
Suresh Ali,ST,Hindu,607,0
Karthik Sheikh,OBC,Muslim,397,0
Sarah Ahmed,General,Hindu,536,1
Sneha Khan,ST,Hindu,489,0
Arun Fernandes,ST,Hindu,438,0
Fatima Reddy,ST,Hindu,805,1
Ayesha Thomas,SC,Christian,689,1
Thomas Singh,General,Muslim,798,1
Joseph Nair,OBC,Hindu,438,0
Pooja Nair,General,Hindu,403,0
Zainab Joseph,General,Muslim,446,0
Rahul Sharma,General,Muslim,592,0
Sneha Kumar,ST,Hindu,598,0
Mohammed Iyer,SC,Muslim,404,0
Manpreet Thomas,SC,Muslim,551,0
Priya Singh,General,Hindu,509,0
Thomas Ahmed,SC,Christian,771,1
Ayesha Singh,OBC,Hindu,436,0
Swati Ansari,ST,Hindu,674,0
Ayesha Kaur,SC,Hindu,549,0
Vijay Kumar,General,Christian,659,1
Suresh Kaur,OBC,Sikh,582,1
Manpreet Singh,General,Hindu,581,0
Navjot Iyer,OBC,Hindu,439,0
Zainab Thomas,General,Muslim,428,0
Pooja Ali,ST,Christian,448,0
Akbar Sheikh,OBC,Hindu,745,1
Harpreet Reddy,General,Muslim,549,0
Nazia D'Souza,ST,Muslim,369,0
Elizabeth Patel,General,Muslim,390,0
Akbar Pillai,OBC,Hindu,491,0
Navjot Patel,SC,Hindu,802,1
Fatima Kaur,OBC,Hindu,610,1
Swati Reddy,General,Hindu,496,1
Arjun Kumar,SC,Muslim,329,0
Arshad Ansari,General,Sikh,744,1
Manpreet Pillai,SC,Muslim,794,1
Suresh Ali,General,Hindu,738,1
Akbar Iyer,OBC,Hindu,490,0
Suresh Singh,OBC,Muslim,321,0
Joseph Kaur,SC,Hindu,828,1
Mary Ahmed,General,Sikh,795,1
Mary Sharma,OBC,Hindu,538,1
Sneha Ansari,SC,Muslim,568,0
Joseph Kaur,General,Christian,305,0
Swati Iyer,General,Hindu,325,0
Imran Kumar,General,Hindu,747,1
Anjali Ahmed,General,Christian,761,1
Mary Thomas,SC,Hindu,318,0
John Ahmed,General,Muslim,718,1
Thomas Sharma,SC,Hindu,731,1
Arjun Qureshi,General,Hindu,626,1
Rajesh Khan,General,Hindu,440,0
Nazia Ansari,SC,Hindu,762,1
Nazia Kumar,General,Hindu,489,0
Harpreet Kumar,General,Hindu,493,0
Elizabeth Iyer,General,Hindu,470,0
Nazia Fernandes,General,Sikh,803,1
Arshad Singh,SC,Hindu,757,1
Gurpreet D'Souza,General,Muslim,722,0
Jaspreet Fernandes,OBC,Hindu,752,1
Fatima Thomas,OBC,Hindu,303,0
Kavya Reddy,SC,Hindu,723,1
Arjun Ansari,General,Christian,305,0
Nazia Ali,General,Hindu,700,1
Elizabeth Sheikh,General,Hindu,715,1
Pooja Iyer,OBC,Christian,449,0
